check_time,AREA_CD,AREA_NM,latitude,longitude,risk_score,risk_level,congest_lvl,accident_cnt,accident_info
2026-06-03 18:30:35,POI001,강남 MICE 관광특구,37.51243164,127.0588472,50,보통,보통,0,
2026-06-03 18:30:35,POI002,동대문 관광특구,37.56894677,127.0126366,50,보통,보통,0,
2026-06-03 18:30:35,POI003,명동 관광특구,37.56390452,126.9800427,25,여유,여유,0,
2026-06-03 18:30:35,POI004,이태원 관광특구,37.53409,126.994819,25,여유,여유,0,
2026-06-03 18:30:35,POI005,잠실 관광특구,37.51142084,127.0980453,100,붐빔,붐빔,0,
2026-06-03 18:30:35,POI006,종로·청계 관광특구,37.570031,127.001665,50,보통,보통,0,
2026-06-03 18:30:35,POI007,홍대 관광특구,37.554995,126.922271,50,보통,보통,0,
2026-06-03 18:30:35,POI008,경복궁,37.576926,126.9791106,25,여유,여유,0,
2026-06-03 18:30:35,POI009,광화문·덕수궁,37.562981,126.977556,25,여유,여유,0,
2026-06-03 18:30:35,POI010,보신각,37.571794,126.984174,25,여유,여유,0,
2026-06-03 18:30:35,POI011,서울 암사동 유적,37.5591723,127.1303425,25,여유,여유,0,
2026-06-03 18:30:35,POI012,창덕궁·종묘,37.57807922,126.9893357,25,여유,여유,0,
2026-06-03 18:30:35,POI013,가산디지털단지역,37.480029,126.878275,25,여유,여유,0,
2026-06-03 18:30:35,POI014,강남역,37.493925,127.027951,25,여유,여유,0,
2026-06-03 18:30:35,POI015,건대입구역,37.53867795,127.0682434,75,약간 붐빔,약간 붐빔,0,
2026-06-03 18:30:35,POI016,고덕역,37.552781,127.155066,50,보통,보통,0,
2026-06-03 18:30:35,POI017,고속터미널역,37.504347,127.003537,75,약간 붐빔,약간 붐빔,0,
2026-06-03 18:30:35,POI018,교대역,37.49419477,127.016614,25,여유,여유,0,
2026-06-03 18:30:35,POI019,구로디지털단지역,37.48494,126.900314,25,여유,여유,0,
2026-06-03 18:30:35,POI020,구로역,37.50114707,126.8827651,25,여유,여유,0,
2026-06-03 18:30:35,POI021,군자역,37.555597,127.078993,50,보통,보통,0,
2026-06-03 18:30:35,POI023,대림역,37.4931362,126.8953742,25,여유,여유,0,
2026-06-03 18:30:35,POI024,동대문역,37.56997395,127.0113589,50,보통,보통,0,
2026-06-03 18:30:35,POI025,뚝섬역,37.547841,127.044152,25,여유,여유,0,
2026-06-03 18:30:35,POI026,미아사거리역,37.61377455,127.0290251,50,보통,보통,0,
2026-06-03 18:30:35,POI027,발산역,37.559376,126.834137,25,여유,여유,0,
2026-06-03 18:30:35,POI029,사당역,37.47769442,126.9822535,25,여유,여유,0,
2026-06-03 18:30:35,POI030,삼각지역,37.535534,126.974032,25,여유,여유,0,
2026-06-03 18:30:35,POI031,서울대입구역,37.483205,126.955543,50,보통,보통,0,
2026-06-03 18:30:35,POI032,서울식물원·마곡나루역,37.570418,126.835268,25,여유,여유,0,
2026-06-03 18:30:35,POI033,서울역,37.558697,126.975562,25,여유,여유,0,
2026-06-03 18:30:35,POI034,선릉역,37.50466162,127.051033,25,여유,여유,0,
2026-06-03 18:30:35,POI035,성신여대입구역,37.593034,127.017702,50,보통,보통,0,
2026-06-03 18:30:35,POI036,수유역,37.641839,127.025067,50,보통,보통,0,
2026-06-03 18:30:35,POI037,신논현역·논현역,37.51091223,127.0219681,25,여유,여유,0,
2026-06-03 18:30:35,POI038,신도림역,37.508607,126.888938,25,여유,여유,0,
2026-06-03 18:30:35,POI039,신림역,37.48386679,126.9302074,50,보통,보통,0,
2026-06-03 18:30:35,POI040,신촌·이대역,37.554134,126.934784,50,보통,보통,0,
2026-06-03 18:30:35,POI041,양재역,37.48563085,127.0325431,25,여유,여유,0,
2026-06-03 18:30:35,POI042,역삼역,37.50193499,127.0418419,25,여유,여유,0,
2026-06-03 18:30:35,POI043,연신내역,37.61808976,126.921164,50,보통,보통,0,
2026-06-03 18:30:35,POI044,오목교역·목동운동장,37.53541819,126.8778381,75,약간 붐빔,약간 붐빔,0,
2026-06-03 18:30:35,POI045,왕십리역,37.562091,127.037925,25,여유,여유,0,
2026-06-03 18:30:35,POI046,용산역,37.532569,126.960339,100,붐빔,붐빔,0,
2026-06-03 18:30:35,POI047,이태원역,37.53409,126.994819,25,여유,여유,0,
2026-06-03 18:30:35,POI048,장지역,37.47759221,127.125068,50,보통,보통,0,
2026-06-03 18:30:35,POI049,장한평역,37.56262356,127.0668804,25,여유,여유,0,
2026-06-03 18:30:35,POI050,천호역,37.54013195,127.1230688,50,보통,보통,0,
2026-06-03 18:30:35,POI051,총신대입구(이수)역,37.48342865,126.9826138,25,여유,여유,0,
2026-06-03 18:30:35,POI052,충정로역,37.56188747,126.9633754,25,여유,여유,0,
2026-06-03 18:30:35,POI053,합정역,37.54635339,126.9176095,50,보통,보통,0,
2026-06-03 18:30:35,POI054,혜화역,37.58275,127.00364,100,붐빔,붐빔,0,
2026-06-03 18:30:35,POI055,홍대입구역(2호선),37.554995,126.922271,100,붐빔,붐빔,0,
2026-06-03 18:30:35,POI056,회기역,37.59035569,127.0609971,25,여유,여유,0,
2026-06-03 18:30:35,POI058,가락시장,37.49132944,127.1165863,25,여유,여유,0,
2026-06-03 18:30:35,POI059,가로수길,37.519374,127.022607,50,보통,보통,0,
2026-06-03 18:30:35,POI060,광장(전통)시장,37.570031,127.001665,25,여유,여유,0,
2026-06-03 18:30:35,POI061,김포공항,37.560122,126.804257,25,여유,여유,0,
2026-06-03 18:30:35,POI063,노량진,37.51231037,126.9394481,50,보통,보통,0,
2026-06-03 18:30:35,POI064,덕수궁길·정동길,37.56599648,126.9769402,25,여유,여유,0,
2026-06-03 18:30:35,POI066,북촌한옥마을,37.583753,126.98185,25,여유,여유,0,
2026-06-03 18:30:35,POI067,서촌,37.58385,126.97155,25,여유,여유,0,
2026-06-03 18:30:35,POI068,성수카페거리,37.54312,127.059589,50,보통,보통,0,
2026-06-03 18:30:35,POI070,쌍문역,37.647328,127.034417,50,보통,보통,0,
2026-06-03 18:30:35,POI071,압구정로데오거리,37.523649,127.035122,25,여유,여유,0,
2026-06-03 18:30:35,POI072,여의도,37.5305812,126.9257724,25,여유,여유,0,
2026-06-03 18:30:35,POI073,연남동,37.56075449,126.9243384,50,보통,보통,0,
2026-06-03 18:30:35,POI074,영등포 타임스퀘어,37.51497604,126.9034594,100,붐빔,붐빔,0,
2026-06-03 18:30:35,POI076,용리단길,37.534075,126.9726,25,여유,여유,0,
2026-06-03 18:30:35,POI077,이태원 앤틱가구거리,37.53082026,126.9958689,25,여유,여유,0,
2026-06-03 18:30:35,POI078,인사동,37.576821,126.986658,50,보통,보통,0,
2026-06-03 18:30:35,POI079,창동 신경제 중심지,37.652242,127.049069,50,보통,보통,0,
2026-06-03 18:30:35,POI080,청담동 명품거리,37.52533366,127.04608,25,여유,여유,0,
2026-06-03 18:30:35,POI081,청량리 제기동 일대 전통시장,37.5822913,127.0405719,50,보통,보통,0,
2026-06-03 18:30:35,POI082,해방촌·경리단길,37.54036639,126.9926584,50,보통,보통,0,
2026-06-03 18:30:35,POI083,DDP(동대문디자인플라자),37.56606057,127.0110376,25,여유,여유,0,
2026-06-03 18:30:35,POI084,DMC(디지털미디어시티),37.58139385,126.887447,25,여유,여유,0,
2026-06-03 18:30:35,POI085,강서한강공원,37.58522128,126.8198206,25,여유,여유,0,
2026-06-03 18:30:35,POI086,고척돔,37.4996344,126.8679977,25,여유,여유,0,
2026-06-03 18:30:35,POI087,광나루한강공원,37.54524688,127.119919,50,보통,보통,0,
2026-06-03 18:30:35,POI088,광화문광장,37.57340269,126.9758843,25,여유,여유,0,
2026-06-03 18:30:35,POI089,국립중앙박물관·용산가족공원,37.52073083,126.9836596,25,여유,여유,0,
2026-06-03 18:30:35,POI090,난지한강공원,37.5613576,126.8872802,25,여유,여유,0,
2026-06-03 18:30:35,POI091,남산공원,37.555956,126.983902,25,여유,여유,0,
2026-06-03 18:30:35,POI092,노들섬,37.517689,126.957417,25,여유,여유,0,
2026-06-03 18:30:35,POI093,뚝섬한강공원,37.529021,127.073261,50,보통,보통,0,
2026-06-03 18:30:35,POI094,망원한강공원,37.553965,126.896929,75,약간 붐빔,약간 붐빔,0,
2026-06-03 18:30:35,POI095,반포한강공원,37.50533757,126.9807164,25,여유,여유,0,
2026-06-03 18:30:35,POI096,북서울꿈의숲,37.621314,127.04511,75,약간 붐빔,약간 붐빔,0,
2026-06-03 18:30:35,POI098,서리풀공원·몽마르뜨공원,37.504891,127.004916,25,여유,여유,0,
2026-06-03 18:30:35,POI100,서울대공원,,,25,여유,여유,0,
2026-06-03 18:30:35,POI101,서울숲공원,37.545295,127.043045,25,여유,여유,0,
2026-06-03 18:30:35,POI102,아차산,37.55913062,127.0939631,25,여유,여유,0,
2026-06-03 18:30:35,POI103,양화한강공원,37.5388433,126.9014624,25,여유,여유,0,
2026-06-03 18:30:35,POI104,어린이대공원,37.5455346,127.0850851,25,여유,여유,0,
2026-06-03 18:30:35,POI105,여의도한강공원,37.52217837,126.9397314,50,보통,보통,0,
2026-06-03 18:30:35,POI106,월드컵공원,37.5651631,126.8979771,25,여유,여유,0,
2026-06-03 18:30:35,POI107,응봉산,37.5538783,127.0340984,25,여유,여유,0,
2026-06-03 18:30:35,POI108,이촌한강공원,37.5174522,126.9705968,25,여유,여유,0,
2026-06-03 18:30:35,POI109,잠실종합운동장,37.51645099,127.073612,100,붐빔,붐빔,0,
2026-06-03 18:30:35,POI110,잠실한강공원,37.517984,127.081214,50,보통,보통,0,
2026-06-03 18:30:35,POI111,잠원한강공원,37.52501,127.015812,50,보통,보통,0,
2026-06-03 18:30:35,POI112,청계산,37.43732107,127.0632388,25,여유,여유,0,
2026-06-03 18:30:35,POI114,북창동 먹자골목,37.56388746,126.9798962,25,여유,여유,0,
2026-06-03 18:30:35,POI115,남대문시장,37.56084437,126.9776513,25,여유,여유,0,
2026-06-03 18:30:35,POI116,익선동,37.572134,126.988115,25,여유,여유,0,
2026-06-03 18:30:35,POI117,신정네거리역,37.52007871,126.8537575,25,여유,여유,0,
2026-06-03 18:30:35,POI118,잠실새내역,37.511061,127.083407,50,보통,보통,0,
2026-06-03 18:30:35,POI119,잠실역,37.51142084,127.0980453,100,붐빔,붐빔,0,
2026-06-03 18:30:35,POI120,잠실롯데타워·석촌호수,37.51142084,127.0980453,100,붐빔,붐빔,0,
2026-06-03 18:30:35,POI121,송리단길·호수단길,37.50699491,127.1016326,75,약간 붐빔,약간 붐빔,0,
2026-06-03 18:30:35,POI122,신촌 스타광장,37.556668,126.937122,50,보통,보통,0,
2026-06-03 18:30:35,POI123,보라매공원,37.494927,126.9188806,50,보통,보통,0,
2026-06-03 18:30:35,POI124,서대문독립공원,37.57518,126.957486,25,여유,여유,0,
2026-06-03 18:30:35,POI125,안양천,37.5171996,126.8779641,50,보통,보통,0,
2026-06-03 18:30:35,POI126,여의서로,37.53257552,126.9135015,25,여유,여유,0,
2026-06-03 18:30:35,POI127,올림픽공원,37.5184393,127.1161715,25,여유,여유,0,
2026-06-03 18:30:35,POI128,홍제폭포,,,25,여유,여유,0,
2026-06-03 18:30:35,POI129,송현녹지광장,37.578308,126.987502,25,여유,여유,0,
2026-06-03 18:30:35,POI130,시의회 앞,37.564181,126.977563,25,여유,여유,0,
2026-06-03 18:30:35,POI131,숭례문,37.56074513,126.9772648,25,여유,여유,0,
